pred_linear,pred_logistic
1163.765617028054,1
1351.1637329341718,1
1232.8362686438256,1
1192.12192091703,1
1003.5404747612431,0
1287.1208028433834,1
1075.7387890093112,0
829.5945934979111,0
1080.483356162393,1
1169.0703062310197,1
1391.6074430426984,1
1107.8348782298694,1
1118.539198627071,1
1145.1571951657215,1
1273.7079392826104,1
1250.8797753231347,1
1031.6634165137273,0
898.6080908106176,0
1447.6028884553216,1
1572.8736839027356,1
1039.194045663531,0
1397.8447027782106,1
1187.3293725716132,1
806.0346840812127,0
869.9109219331308,0
1402.0271019442157,1
1211.1815849578763,1
1575.7218444131295,1
1031.4995815111354,0
1239.7966938272903,1
1338.4904799511799,1
1260.0620282601649,1
1180.232144892435,1
1175.7033130608988,1
1149.5011560862054,1
1103.4506622655022,1
1182.960660244436,1
1272.0136843210653,1
982.1173455253784,0
1463.5040581845071,1
1053.9789825070995,0
-210.5238842576235,0
1114.915447879927,1
995.7215902926955,0
1023.7897904901324,0
1118.8325352679585,1
1346.5226873692259,1
1031.082550964542,0
1361.3017417107076,1
1223.4016584786355,1
927.5075900787721,0
1687.2626133577178,1
1170.2848699470564,1
-200.46534888829967,0
1103.272537991513,1
1298.0572931263232,1
1011.056165891287,0
1354.068704865953,1
1235.481790951877,1
1396.2369175426554,1
1029.2252346667265,0
846.5808277119976,0
1070.530265885415,0
1319.894800672013,1
1478.248347532854,1
961.8935842373998,0
1064.084284534055,0
1364.5808704642225,1
1358.9050183154661,1
1075.949142870216,1
895.7787315883206,0
1066.5808505800155,0
1117.240402581003,1
1900.4309017968963,1
1506.6688061018212,1
938.9947919439891,0
1264.5668115641051,1
933.9457187602178,0
1183.5971123248858,1
1376.3973520953323,1
1094.560051024302,1
1124.1013209378523,1
1546.1806846537902,1
1184.6640690698018,1
1140.758499749399,1
1208.6295935719977,1
1464.911806709987,1
1128.6279212428178,1
1199.5243447546804,1
1213.7810221561365,1
1014.381465908894,0
1269.9594638897977,1
980.458008901493,0
1064.1256699024489,0
1137.7902147287132,1
1178.5002018928835,1
984.0866182119944,0
1058.794971478377,0
911.085027058373,0
960.7286128576171,0
1140.9102968459342,1
1456.7948552800824,1
1131.182270774035,1
788.2429168326117,0
1270.826435310093,1
993.518785222122,0
1050.4451919990795,0
1654.7241987122484,1
1023.9252424657308,0
967.3178738109286,0
975.2719251797005,0
1107.2542555366185,1
872.622829903042,0
924.0487328913752,0
1240.204685936018,1
1122.3679328219687,1
1090.6025030339226,0
1487.5906497994108,1
872.0178817562972,0
1302.8488221180032,1
1125.4636648689861,1
1152.4499876480954,1
1180.6725213385494,1
1452.8877711649357,1
1170.6188845220317,1
1101.501100038065,1
822.5513749783407,0
1310.9268562332063,1
1054.7393998193113,0
1199.7981682970858,1
1723.497897214461,1
1364.9610404826783,1
1376.8651045165152,1
1010.5054651500584,0
1247.521729273928,1
892.9833971732357,0
876.4611935681203,0
1255.6031516432156,1
898.6185523919088,0
1029.59409258291,0
1184.8086102337975,1
1047.540444106637,0
955.8986532142633,0
1342.4560615824334,1
1097.5832724551747,1
1370.8122522445944,1
843.0676060751678,0
1240.8575581623809,1
1030.9512685905734,0
883.0030567914571,0
933.2721675769334,0
1040.4740305765952,0
1593.7202841340945,1
957.9371511670342,0
1269.742820873659,1
1120.3896741337144,1
918.3510909572826,0
998.95886690573,0
864.9998304311916,0
1767.0911764260916,1
868.1586003552864,0
1160.4947152591778,1
1170.478312554187,1
1145.0586901547865,1
1124.0645636694153,1
1125.1978397908956,1
1299.722455681393,1
1273.8526536245045,1
1396.9005699999707,1
1449.1021814421056,1
1487.8404400874497,1
1217.325473633897,1
1245.3534439482105,1
1036.9177655418089,0
1270.0390044743995,1
1178.8337173563293,1
1076.3571420033134,0
1570.436062390273,1
1113.8574359873264,1
781.4717682409182,0
1134.4206691762297,1
1259.7630118651518,1
983.336197540408,0
930.6236950829691,0
1256.0469098368956,1
1031.0651206476034,0
1538.5784734364265,1
1163.1520609407896,1
1158.1064767812313,1
1083.0997248603212,0
1162.1386433323264,1
1449.5901444792478,1
1039.7223387770432,0
1250.0391954065772,1
1740.9840337434084,1
946.4759596407315,0
1050.8528760438228,0
1171.8821055030896,1
1412.6931843137374,1
902.3125765613181,0
960.9675185617499,0
1109.3596200815334,1
1461.659803095572,1
1311.6167824673084,1
957.6212975231508,0
1156.206553536812,1
1476.0406778300235,1
1123.381657678424,1
1351.9896505999666,1
1410.8252770920194,1
1255.212616584601,1
1026.6132792139797,0
1136.1395930014226,1
-218.1944710450507,0
1154.215934984789,1
1049.0732311670656,0
1398.164721834952,1
909.5804955788094,0
1905.909766230715,1
1181.710936633952,1
1059.8754370975512,0
1238.0635889126133,1
952.3078289041691,0
1154.7031116315293,1
1169.7873456071925,1
1216.380671296611,1
1214.512673604961,1
1191.6967762294842,1
1096.825318955598,1
1195.1408890205448,1
886.7144445680663,0
1223.0638474601546,1
877.4241548529699,0
963.5481301527861,0
1398.845595073453,1
1337.737893479151,1
1399.1896505469826,1
1279.1286021929661,1
1141.2121264194009,1
1503.5560833872396,1
1339.414994546938,1
939.4449595587744,0
1242.882556594903,1
1479.3914176375254,1
997.0651469875177,0
1298.1074262694915,1
1345.92042448433,1
1051.6769076030582,0
1252.409019830946,1
1155.5084379724844,1
994.6049771092432,0
1413.802246100995,1
877.3797647814173,0
-218.54833181713738,0
1114.9859387416652,1
1059.2977651628794,0
1527.00178350617,1
1010.5213285439355,0
-211.9463416539695,0
1104.5204398226606,1
1268.408410730398,1
1036.1614753817717,0
1312.7985832545328,1
951.120145916186,0
1215.549399120186,1
1157.0076654781983,1
1089.3936623944453,1
1368.9096356363398,1
1191.7739443309122,1
1216.7140063162096,1
1051.9645561620628,0
1061.9191833241994,0
1105.6342145438357,1
1044.077794357801,0
981.3462486808157,0
1173.7350678757484,1
1080.864981697961,0
964.2347610696493,0
1249.6002476837175,1
1138.0878550143257,1
1071.6742081593716,0
1125.38350853369,1
-205.3755815616276,0
1138.106575525535,1
1306.132490460927,1
1021.778532994605,0
1161.0587115938465,1
1096.1899701614677,1
993.1118691454104,0
1024.9205918394005,0
1249.2611335470501,1
1068.427436855761,1
1077.052865079227,0
1456.8742688874859,1
1435.3243660143703,1
994.5841866470024,0
1038.6470369579938,0
1077.9295789488838,1
1087.8095853633886,1
1319.2257434794626,1
1149.4301873099591,1
1065.9391256980543,0
1105.2538210099488,1
1153.6709889201256,1
1304.0410181517432,1
1622.2356693241074,1
-218.56923189496243,0
1283.6622759968286,1
846.5785649826396,0
1204.3038676007243,1
1033.9460723163497,0
1125.2220550419931,1
1120.1731075961914,1
993.7913343749805,0
1014.6595923636592,0
886.8395959012603,0
1243.5976147498016,1
1105.9333795654252,1
989.4827288800027,0
1008.1017510774125,0
833.9928528630317,0
1499.6688210168827,1
-202.28476491714855,0
1033.172111139109,0
1690.1847574977946,1
1147.9305561996553,1
1106.3669799129436,1
1116.0078397888622,1
846.5703071037143,0
1005.8183971430125,0
1883.686669438931,1
1209.6403459076157,1
1143.0655452645658,1
1093.5150003928993,1
1126.317905925971,1
1061.5011631224575,0
1220.6219423655161,1
1102.1524727527064,1
973.1430678213719,0
970.216886136475,0
1210.765150562929,1
1066.6358606486028,0
1335.7588248128338,1
1477.4449707972371,1
1372.2138815155486,1
1074.0287278046098,0
1002.6055827908302,0
1523.3893940357166,1
1022.702211662641,0
1178.274210002388,1
1011.4506609473221,0
919.8388689071282,0
1251.993902900182,1
951.1530286720057,0
1651.1218139646721,1
979.9783518451957,0
1217.4427424554854,1
1175.6856585535306,1
-123.36213015845156,0
954.2196548004902,0
1247.3910764557459,1
854.9080053580435,0
1427.1207982344067,1
1216.190753534615,1
990.4881614241498,0
953.9267544567622,0
1211.3699474002192,1
1935.5864978157324,1
906.7613802695187,0
1006.6842108659719,0
1095.7511553480479,1
845.3651135113794,0
1093.660217287501,1
853.8761994985784,0
1194.3642504004745,1
1234.7732115127737,1
915.9151866115501,0
1413.9765152628836,1
1042.5581341040288,0
829.442656597633,0
1292.3325090790197,1
1021.1643395347778,0
1098.0700085586946,1
968.8261554672627,0
1445.7559566360414,1
1485.9903366330468,1
1049.735682966422,0
1269.8010572955593,1
1054.6870843072402,0
1436.3201574395002,1
917.6767768332634,0
1383.147077860076,1
1125.902944405366,1
1442.671945961715,1
1091.9676919935537,0
1248.9284575937536,1
1461.5757002901905,1
1345.588570832453,1
869.3113800701296,0
1283.5603592646794,1
1096.3470907556725,1
-211.5773946529413,0
1471.4801643503565,1
1102.7964673578647,1
1007.5317842695058,0
1152.4962108722477,1
1642.5037438195454,1
966.9897194906255,0
1282.7672328607011,1
966.0742295631778,0
1256.98071351169,1
-217.8302802799631,0
1137.5149256223121,1
1687.0012271850308,1
1698.1214253024173,1
1283.0367311391592,1
-215.05556021239175,0
1035.1895837892866,0
1495.7209491745548,1
1302.9709037451846,1
1052.0776269484033,0
1164.1342083557197,1
1258.7580878487727,1
1654.9276531709284,1
1454.6693820922167,1
1165.6565687050324,1
1259.823731929625,1
843.3576507481721,0
1145.5678920650926,1
1090.2700112113084,1
909.4633931207555,0
1144.2384040865354,1
1019.0437764035988,0
1064.443249729521,0
1178.608906420317,1
1285.5630091540452,1
943.8318992834108,0
1269.7318471539297,1
1005.0921756597854,0
1265.0968110039275,1
919.1056103949686,0
1661.4636888916707,1
1150.9627218812097,1
1000.2445598913564,0
1158.8555259102855,1
1049.5713705475368,0
1111.3400304168235,1
1423.3096683343301,1
1292.1194635524637,1
1199.692281475352,1
1078.5503195586762,1
1003.7329223282298,0
1047.8730890877298,0
1276.942399878052,1
998.5206536907801,0
1200.6687652437924,1
1307.0561964099484,1
1126.8607974350791,1
932.8501010661846,0
1419.317390657976,1
948.2722211520675,0
1117.5409415093138,1
1151.391948295456,1
752.9552106157389,0
1209.3399667580231,1
1602.8892891321457,1
879.1111752209172,0
1548.9883305546348,1
1127.635201376069,1
1367.4808990874674,1
1236.9371790340917,1
1427.4227763576105,1
1120.6687667005945,1
1546.4976822926649,1
1173.473493272863,1
1113.9295193634582,1
1644.5330250020143,1
1532.8745394118453,1
1102.9749713315218,1
1234.9064412342966,1
1313.7181205391894,1
1229.1852456466656,1
1098.333319582016,1
1478.7089729650384,1
1267.9477416977472,1
-203.89518016774707,0
1573.413289409928,1
1337.884079353168,1
1003.1994656648042,0
989.358488020453,0
616.3284344835057,0
1289.537143569377,1
915.691375269467,0
837.0834914057141,0
1556.13628718598,1
1008.3360198221433,0
1244.253187649312,1
1276.216518139768,1
979.1237568898431,0
1042.2468675495338,0
1196.2438603877908,1
806.4707877544736,0
1531.3221466340683,1
1033.0236671180842,0
-194.69801853284463,0
1625.6978830768487,1
1033.92701599979,0
1005.3013393226859,0
1085.2247858451192,1
853.9592501302634,0
1487.4471596902536,1
1203.2291354281194,1
742.8248178391981,0
1630.7960258274356,1
1407.4180079242053,1
1242.595009295278,1
963.4717551571089,0
-211.75516536036568,0
1351.576553589686,1
1079.5663001193725,1
997.4598510927874,0
1350.919740846823,1
1186.7955242847754,1
960.957967729536,0
1292.9230387824296,1
1100.0734024899702,1
1178.6862847190632,1
1236.3144214224487,1
1264.1642882208882,1
1260.0292546842697,1
1017.2688923291734,0
1006.868633922035,0
1440.2531355654828,1
865.795524024162,0
1042.6066567413372,0
1043.4458627629274,0
1172.1568278054121,1
1229.08520163512,1
-217.8695822717313,0
-188.0098326488444,0
1149.6514053337592,1
1225.8066482462843,1
1003.7030497855665,0
1569.1748885487318,1
1011.2027868259512,0
1364.7880421055856,1
990.4726802350706,0
1075.1008757975317,0
1210.9564864757428,1
984.9627007405893,0
1249.4152102343512,1
1037.868369109648,0
1297.724454257202,1
952.9687801287157,0
1135.1304480560361,1
1397.8012341778108,1
1074.1184176671445,1
992.8244371696715,0
-105.84036664275074,0
1246.5037394034653,1
1235.1967948558797,1
1176.3442373529147,1
1057.1636944001427,0
1034.232931059481,0
1383.8652311810547,1
1095.7570538802843,0
1052.4573679144532,0
890.5744198763637,0
1662.8969976979351,1
1124.8797266192828,1
1197.9940122958774,1
1141.8390133232274,1
1009.3397375882085,0
998.7784573804867,0
1094.490903291464,1
1323.4153602363488,1
1620.3837847700272,1
1101.647837867488,1
1083.0648404682615,1
1171.4621660770963,1
977.8662905521768,0
920.4376237194122,0
1022.7795084237828,0
1556.8189545277044,1
1500.0599892212254,1
1449.9471076957516,1
1097.5412865326973,1
1299.5863134622946,1
794.3620279870213,0
1067.5918781017594,0
1318.1580008466008,1
996.0008748210064,0
1446.6900754532744,1
1365.4326078384247,1
1222.909171926167,1
911.7195803869063,0
1021.1824927006026,0
1173.3027090555454,1
1064.2376906141735,0
1108.1910443188665,1
1041.774837694753,0
1106.9142779786212,1
1052.5725848181155,0
1297.1923664642825,1
837.8280966264929,0
1092.8039586453183,1
931.1999183401576,0
1216.1770316938948,1
1363.8582340591825,1
944.6696414210395,0
986.4601090883332,0
1206.3784626923925,1
1105.5276670325443,1
1260.4205179084158,1
1228.4164067000675,1
1057.6638115781577,0
1260.096328273938,1
1236.704732948949,1
1028.8912526764025,0
1277.1886905888884,1
-217.120300663731,0
1067.163291993527,0
1003.4585560236815,0
1547.4081147236407,1
1039.2717342652702,0
1164.9393749820465,1
1696.749752184075,1
1200.2983902589426,1
-188.25765523521665,0
1144.509106508904,1
900.864692132635,0
1203.4724072981362,1
1307.909413142957,1
1377.5329956030737,1
1467.4723614277555,1
1231.9863458266839,1
811.5919593662894,0
922.1727068267572,0
1374.0195447399844,1
1162.9321364107423,1
1018.3144288613071,0
1327.8966695789363,1
1043.3941578055255,0
1025.8588045122187,0
1243.9498363854163,1
1341.967698109439,1
1453.1455142892432,1
1148.7746683841292,1
1304.4018855727838,1
1278.918395478256,1
-201.3755370863704,0
-199.5105250332235,0
804.0401504693975,0
1646.2917418641327,1
1833.2514020974754,1
1094.5689586414223,1
1693.0217590610027,1
1835.5750520534366,1
1009.7562640812536,0
1399.3485932484189,1
1843.3477085576585,1
1752.0366995563927,1
1140.4265283512893,1
1041.7217241728,0
1277.719489732047,1
1063.1836909008257,0
973.0208039055053,0
1323.8414608238527,1
1151.5467773436262,1
884.1028956151262,0
899.6385572598763,0
1462.936649293696,1
1039.947981185111,0
997.7095895653645,0
1719.5067033603211,1
1158.9806635294788,1
1216.402494053698,1
1311.1842557989648,1
1207.8126895473574,1
1197.7732593681808,1
1123.8031818759648,1
1222.2538514589864,1
1017.7881976990543,0
1299.43415938075,1
874.6635523867908,0
1027.4287799534504,0
1350.8924191755862,1
1572.2790356394787,1
1011.1930844585305,0
1163.3129840381448,1
1253.6074260712394,1
1906.7003752113958,1
1457.5095366726541,1
1147.8510183896135,1
1039.3223633191724,0
1412.5939189124804,1
935.2337445090011,0
-226.08962502331607,0
1026.6455736583066,0
1102.2161404739998,1
1119.87805366442,1
-212.45563250471662,0
1136.0905378667035,1
1064.247725426818,0
1047.9021737657024,0
1156.3408283382832,1
1038.6442886735463,0
1080.3454205511966,1
1488.7903624826777,1
1212.5879032513035,1
990.8916238040115,0
1446.3471159039145,1
1132.7044636184353,1
1443.2015465815407,1
1565.5350355938929,1
1247.2689246135485,1
964.0610706830614,0
1226.776852032292,1
1348.5169424650653,1
1076.5087722498927,1
1127.2193915343973,1
1259.5940700927115,1
1223.5314718545076,1
1107.3801605981828,1
1121.1457599184528,1
-187.6487174769353,0
1111.2171839958953,1
1068.1480470838458,0
1314.9501306577502,1
1044.4056891377672,0
1130.007892996496,1
1086.4754506850131,0
1212.1871993466173,1
1440.3772807330347,1
877.4804887489518,0
1273.1505942483477,1
1052.6835886030244,0
1237.7381811817104,1
1326.8679788189283,1
1283.6019219666732,1
1135.3265101049535,1
1048.172607443587,0
1076.1180029530105,0
1023.362577578541,0
1022.0376183001376,0
1892.9128339789513,1
1691.4089147121952,1
-216.3294589919038,0
1603.016058951298,1
745.4346309713811,0
1313.210211088558,1
1060.3581161752327,1
880.153694445579,0
1206.418798716079,1
1258.5521831654337,1
1389.383176572686,1
945.7366853529409,0
1214.1465800218243,1
-216.83091801353183,0
1296.7341066166828,1
1146.4662159915401,1
1076.0515339185074,1
-215.36358486835724,0
1382.5091482463777,1
1396.9951031699945,1
1137.084042810254,1
1576.6519472414304,1
1029.5014744185564,0
1360.7874189031222,1
1162.3141288702675,1
1252.9075107202577,1
1399.743926181535,1
961.2058702112427,0
1126.9217343202045,1
1022.785466677401,0
1282.2001132225216,1
1565.0801398451554,1
1088.3881806984268,0
1281.8122951261155,1
983.8536697565615,0
1632.6298628004174,1
1049.6114269734576,0
1031.8897050044775,0
1049.9828391615567,0
1782.397758150979,1
1226.550936589511,1
1132.3926080378947,1
1261.6614411458768,1
1249.0709702677511,1
1224.7850594759143,1
1165.7738590138074,1
1269.2601884626565,1
1417.3308101014786,1
959.2747887265542,0
974.3666193299014,0
1005.7502733584731,0
1064.5794255341789,0
1174.7878729478443,1
1091.9292579576618,1
1828.2064183218693,1
1104.38445592493,1
1640.948797430567,1
930.0198189996569,0
1510.8065873913642,1
1076.044035713772,1
1333.4521511920616,1
1091.532005273765,1
1210.497200912232,1
1549.1004016926029,1
1221.424110639563,1
1285.4819390728499,1
996.0661232682833,0
1099.7066358764173,1
1083.8498223308902,0
1194.616634755111,1
1233.246197767373,1
1354.2852305910367,1
1059.7817314032068,0
1151.228818471802,1
1153.126117396984,1
979.6203055639078,0
960.230320039235,0
935.3356607884828,0
1044.179180975742,0
850.5229698681651,0
1153.8489906273196,1
997.0529385801095,0
1093.4558668301029,1
1509.1886984870016,1
1448.4532242361406,1
1257.2978584230602,1
890.0561521208047,0
1139.726729130932,1
1275.495400096771,1
985.3483296713059,0
1128.3502134307917,1
1361.358169111973,1
1146.5237812681148,1
1024.0043506698344,0
1185.2012454733692,1
1042.3357458889163,0
1210.8795133709325,1
1373.971162452584,1
1131.9221624187824,1
1162.9320813171812,1
1288.9119135597468,1
1477.2757793580745,1
1090.344830190563,1
955.9777642833815,0
1340.3170514876824,1
939.4303952753046,0
805.5420105552291,0
1059.2293448835135,1
1340.096243977469,1
1279.3691084026539,1
858.4122919478851,0
1412.9372374418933,1
1594.4975998221628,1
1311.9976505927189,1
1005.131399699203,0
1129.0328444260401,1
-218.3506213991806,0
935.8024613295294,0
1260.4867095352351,1
1096.9691067962876,1
1088.392279840331,1
894.4689270479116,0
1254.990354524837,1
1135.297299754166,1
1191.404399813389,1
999.2023220271874,0
1005.6561708995105,0
822.0927620458829,0
1217.5896556887265,1
1247.0716175440607,1
1009.8894579389453,0
1033.751343649862,0
-217.05380456160793,0
939.740867239846,0
1164.969153042596,1
1363.0134881225285,1
1417.422572211602,1
971.095326271552,0
1187.7394432923143,1
1586.7836579146087,1
1274.8936483316274,1
1003.7249800078582,0
962.7156564749737,0
1400.4836564258517,1
989.431219174329,0
1150.0815160750053,1
901.3950601760929,0
1072.6820163396446,0
1577.8152165794759,1
1283.4359106148609,1
1113.913348754309,1
1253.8667668101152,1
1125.061023680592,1
1193.793907570527,1
1248.0917882889548,1
1125.8865075880565,1
1228.9831556106112,1
964.7517401367126,0
1280.140708505316,1
-218.03630271068528,0
1300.8464307316783,1
1146.0792512208463,1
966.8925957754816,0
1047.9972175023936,0
1506.9872435400741,1
1478.2608289701848,1
1243.4929852990426,1
1218.982831097359,1
1147.860300855203,1
1421.0163881331353,1
1844.845034253934,1
1017.0675993566668,0
-226.08962502331607,0
1121.0983951482685,1
1044.991764625835,0
1788.8790484507933,1
1020.4543351634597,0
1528.5091626579092,1
1119.8955309261655,1
1460.3672532050355,1
1071.3586406232612,1
1091.9619059177808,1
1158.1728616919377,1
1053.993842442706,0
1186.9671138258082,1
1265.0837754758443,1
850.0514275385578,0
1269.218225510167,1
1186.9275990890997,1
1177.829694882447,1
1207.089519604699,1
1501.0714483749548,1
848.6500007681223,0
1493.711393846383,1
1407.6359454030119,1
1582.3608025745561,1
1557.6707739709004,1
1196.4631410763832,1
971.0929420098507,0
1214.4401379437845,1
1081.1458418966408,1
1193.3526506553455,1
1066.012246565286,0
1046.3580416726568,0
1234.6188670254655,1
1537.9845030162542,1
1285.2100017189077,1
1039.6456916136628,0
1011.466660923615,0
1593.6412541632349,1
775.9601366329064,0
-181.35893077637684,0
1204.989760345593,1
1210.3364292687654,1
1163.6084207638019,1
1140.4642740004022,1
964.4068024677085,0
1058.375560672161,0
1099.1368722865861,0
-226.08962502331607,0
988.152125832178,0
1088.4804823111676,1
1386.565806039876,1
1384.000965076101,1
963.0979471026502,0
1002.8412114851127,0
946.2014562122476,0
1144.1212582784042,1
1181.4159867962094,1
1566.6494584301709,1
1016.3169795807898,0
774.7679882834998,0
997.4332086998779,0
1228.7143455573635,1
908.0625836864394,0
1114.0674766406125,1
1048.9223561408205,0
1104.018808926988,1
1664.227285408816,1
1023.4013219923384,0
1485.2544778470988,1
981.1178963055827,0
1107.6708473024416,1
1039.3424543223614,0
778.2151742099461,0
1240.5903219913957,1
965.6723924122061,0
1119.1415158177533,1
1094.6795389378522,1
833.1323376840576,0
1074.8413843939068,0
1227.3692052519657,1
1385.1757346300105,1
-178.5859885972179,0
1272.5423097408836,1
1000.2359223246981,0
1141.1599002179669,1
1170.9289130015813,1
1032.337770772539,0
1480.806293700859,1
1178.3345008068882,1
1216.7873116443618,1
1316.1606595611688,1
1194.151529381927,1
1239.209114873993,1
1153.5673023899778,1
1477.8111062833032,1
845.9075299305716,0
1366.3541040538562,1
1064.3961098647164,0
989.4425928871965,0
1062.7600537294752,0
1097.3741089916807,1
1130.7350808437322,1
966.4588356027982,0
877.3817465848133,0
973.7861059731098,0
1093.8433095128962,0
1081.334194993387,1
1066.6752031651167,1
1141.6744833807861,1
1294.5257386483947,1
1263.8152758820186,1
994.8990753212569,0
2051.9268855545797,1
1301.7263169711396,1
1211.9495013740052,1
1190.0251415889923,1
1166.9623500894681,1
1242.736389945004,1
1284.5220273536734,1
975.9468967089982,0
1222.6471576871502,1
1763.2040377593376,1
1184.340161801414,1
961.0792779055798,0
1445.054367308705,1
1112.8858416759954,1
1072.7905688853916,1
1512.2615508860295,1
1090.268105901995,1
1367.5062954988266,1
1423.8131890443856,1
1135.4953819414468,1
1242.8412102177022,1
1002.9014403528497,0
1331.1307318188467,1
1503.493986344476,1
1315.355957490689,1
1551.6381416092365,1
1592.6534637157054,1
1503.9871847654617,1
1007.8221880540912,0
1229.460652743484,1
1085.762477053402,1
1705.3917036398402,1
866.9310957676742,0
990.358923942701,0
1307.9529351219758,1
751.7805575465136,0
1064.0549134253702,0
1314.2410099759302,1
1056.8056924841708,0
1266.1929325918215,1
1008.4034445639642,0
-218.82738447433562,0
1112.7409056303673,1
968.570376523408,0
1334.3222551491162,1
1521.6258069484236,1
1117.8349914792605,1
1097.9333580122343,1
-226.08962502331607,0
1505.8296469745305,1
1038.023017651413,0
-216.36900107549516,0
983.5151623308194,0
871.1780644579816,0
1026.170388285425,0
1215.0464050984076,1
1451.4949907788591,1
1126.7251964452994,1
1485.1998250314768,1
984.3964650573655,0
1265.4272303253554,1
1189.0101675942874,1
1068.2777815170346,0
1235.6481886101733,1
885.1377941405628,0
1143.7802589686305,1
1107.6828626032175,1
966.0374367739706,0
1448.1743599280182,1
1292.5272406398556,1
1270.6383278144865,1
1394.7480633905534,1
1288.3213920529763,1
1313.0200156810672,1
1138.1448211827942,1
1591.7570598431967,1
1048.3141143266378,1
991.3554626141965,0
1186.498887503966,1
1098.6080131320414,1
996.3158444402561,0
-211.31996234903758,0
1128.040051387158,1
1415.5497062267737,1
1015.4120459588464,0
1025.903012775773,0
918.8475845519122,0
-226.08962502331607,0
1378.1098220664762,1
974.7421801318849,0
998.4184000196872,0
732.2608203102391,0
1173.7527577067976,1
959.8412873057987,0
1160.7311881572948,1
987.3530526975178,0
1025.1977678211274,0
1031.2519633447046,0
1555.5659113652755,1
1156.2861269118275,1
1014.2041231862796,0
1204.1098893631956,1
1267.9740368691437,1
1237.6944286855369,1
-205.1142105429031,0
1012.302334011084,0
1325.4488411404507,1
1100.8613203257146,1
1098.4179950753348,1
1174.5120418984607,1
1136.8934392716349,1
1489.23498938378,1
1680.9103822044078,1
1422.2382655964639,1
1101.1182330976953,1
1174.585479469145,1
1245.6675213251465,1
1465.634656260102,1
950.3903700402817,0
1153.7712643966038,1
1194.206947937402,1
1299.3674640082543,1
1051.8158279262152,0
917.6374672018123,0
1413.014386199801,1
1037.634094338877,0
1065.8140839984344,0
1250.0740366923321,1
1160.1584118556907,1
1522.4213275114591,1
1244.7203928838371,1
908.4073399763149,0
1074.916422514996,0
1180.2760915808917,1
1264.941773756935,1
992.3249633741025,0
1155.6162990309606,1
1990.8656820238075,1
1008.3954069149676,0
1117.6383089887163,1
1147.761174962062,1
1453.5672184728132,1
-172.61739204698125,0
1125.7560394942268,1
959.788207736703,0
1537.3044718308313,1
1187.343798307234,1
1028.4203452380207,0
1057.7316240332,0
926.714706523738,0
1540.941590491073,1
894.2619449478523,0
1360.1877180969593,1
1695.2822782838562,1
1202.9459841137514,1
985.7412783039678,0
1269.198846356897,1
1151.81474461937,1
1218.5686776112882,1
1175.1418400183122,1
1397.4056669144738,1
1304.7965159210808,1
1065.5796556884166,0
1089.9478682814572,1
1066.985164437713,0
1110.1309278277072,1
988.0272711906615,0
1055.0046068530996,0
1167.281048337682,1
895.0022784545359,0
1047.7229491464097,0
857.9418076201435,0
917.4538527505331,0
1213.0778449913407,1
1450.8848585088424,1
881.5421595188635,0
1147.968635918914,1
1113.7070449195987,1
1216.3219254163178,1
1139.2230142810595,1
979.5086069312332,0
-204.85274227852824,0
945.9573111724305,0
1213.0446544179622,1
1588.1342707635188,1
1010.8180302793255,0
902.7067361791039,0
1290.8171212088228,1
1487.530326115809,1
1325.754127012849,1
1211.6378797650457,1
989.4318973209454,0
1108.2858695122598,1
912.8788390097457,0
1153.884877354458,1
1041.2625109892701,0
1466.212862982639,1
-193.7169609347062,0
1459.5912158487552,1
993.9720398950424,0
1239.6559622938478,1
1118.6850380605918,1
1095.130762919117,1
1154.3599910967785,1
1500.4237955583758,1
1449.5167591099316,1
1071.146451065884,1
-226.08962502331607,0
1099.7793315048955,1
1020.1509134658847,0
1066.4500246950283,0
1175.750977741604,1
1217.98476146143,1
1566.8028182249186,1
1406.8894496228422,1
1405.1776329104537,1
1196.9864931156899,1
807.5787305169899,0
939.9002922417778,0
1198.860026164808,1
1243.0971168082779,1
1399.5638488965105,1
1435.5451342863282,1
1354.9268857096406,1
1423.1756856314228,1
1163.370645197485,1
977.4290448031938,0
1403.0735570424442,1
1285.2386834282456,1
1156.8645578578287,1
1232.2682174566485,1
1070.356050447651,1
1306.3254171867131,1
983.6500114759297,0
1687.4520481490845,1
1209.0118355245706,1
1036.7073441401194,0
1471.6959574393686,1
1269.0623242648576,1
731.2441455456499,0
1038.2789300647614,0
1294.5975510328242,1
-208.7436729748925,0
1458.2341515757612,1
1162.6880519829022,1
1149.204884616251,1
900.7373351027566,0
889.88443584166,0
926.3024031611775,0
1117.5598091172376,1
1320.9596757149839,1
1439.4563848383327,1
1190.5253460319657,1
1458.3034316717192,1
1187.331793558476,1
893.2620566850651,0
1391.195911224815,1
1046.5204089915237,0
819.0572421688488,0
1206.9278383302144,1
2036.2598424051996,1
878.5829259467389,0
873.2281318366936,0
1172.6542194518004,1
895.4950764697844,0
1600.078336069244,1
861.7118281025788,0
1063.885808484969,0
1035.4777384817908,0
-212.45765048495218,0
886.673146009512,0
1843.2625594762553,1
-196.47611458968973,0
1019.4012600518807,0
1073.6211669134975,1
1143.1239817306946,1
895.7991431928081,0
1360.0493281583397,1
950.5892530498477,0
1215.42337397786,1
1087.7276400411204,1
946.821562743929,0
1237.5280818007848,1
991.5743350417222,0
1168.49462047553,1
1463.763101106901,1
1004.0381781494916,0
1412.6609945170378,1
746.0269805536182,0
1274.4774774119899,1
912.5482997972028,0
1120.9462822168794,1
1035.534805350771,0
1057.369713035381,0
1148.5537248065589,1
1168.032310389182,1
1106.653193760611,1
1241.586779313484,1
1005.5010829372691,0
949.5469531350675,0
1039.8527159253333,0
1058.2280343385332,0
865.2456197004873,0
1219.3733341825082,1
1115.0091248871008,1
1101.1386642715797,1
1040.3312424171218,0
974.3443995558835,0
1509.3519070424727,1
1356.5590734608625,1
1110.629622653037,1
-216.9455083038348,0
1797.0736529198416,1
1223.5830537013424,1
1256.2419263619809,1
1055.8173922968608,0
1786.5793010348152,1
1206.2034350291974,1
1330.017659955834,1
1120.8760896100646,1
1237.1427630607539,1
1114.9145852160368,1
970.8981360059981,0
1123.2626385603153,1
1189.135583792301,1
1654.677432139591,1
1113.5744542450257,1
1369.8984700311144,1
1011.4793717983928,0
1208.2255004490337,1
1090.1051805249451,1
1319.0257788847434,1
1544.0605863545306,1
1185.547825726976,1
1080.5181932551955,1
1212.4075606908893,1
1096.383292245568,1
1192.8828717866538,1
1502.553616014952,1
1006.8551720634063,0
1180.950690538514,1
990.4364749086219,0
1097.0755175182114,1
1150.8552339450432,1
1367.6632865303027,1
1620.680782413738,1
1038.2396654038325,0
1382.1775132097982,1
1463.813110559172,1
1568.3465193324205,1
1049.1957088865581,0
1086.2026520329416,1
1341.985756639258,1
1118.8294864558309,1
1299.0658816881753,1
965.7562447946714,0
839.9725119520131,0
1142.8791012370702,1
1040.330263007897,0
1382.3718731695292,1
1635.1739272009363,1
1145.197079572509,1
1218.9315706203715,1
1019.2190582677579,0
2041.9458571281493,1
1155.4065471679626,1
1243.3487665397668,1
-196.28421802061644,0
1196.7482560056421,1
1129.4822583359037,1
1521.3448353585936,1
949.1116394385997,0
1251.5644380827903,1
1353.3584722897758,1
1236.5699912583982,1
972.5523609393731,0
1493.320983228286,1
1181.776955479148,1
1077.7522985445466,0
975.5065478941841,0
1092.9201642755875,1
951.7125360218488,0
1392.053714697593,1
1139.724239185184,1
1182.902793994341,1
1356.9561869968545,1
1083.3158921642903,1
890.856400076583,0
1258.5989760065156,1
1277.040279493055,1
1391.66294831489,1
1183.7319604890479,1
1016.9163121036797,0
1215.518740745751,1
1013.4896400416584,0
1122.6218772494512,1
1294.144228602988,1
1193.542651216957,1
1178.4427110988343,1
1450.1080919009933,1
969.4046372997411,0
992.4073116566753,0
1468.1175636903506,1
1008.0035801780662,0
1128.7372329982518,1
1285.2174394535127,1
1024.1523201542138,0
-218.7377302223288,0
932.0239599686731,0
1121.8560126017003,1
1116.2294154040944,1
1072.173936575696,1
762.1450003847974,0
-226.08962502331607,0
1131.4150855293879,1
1225.77557062495,1
1599.8421712745323,1
1193.041844396624,1
1096.373542098256,1
1097.1258136580648,1
1125.9076292362195,1
-219.23337539507332,0
1145.74804344505,1
1163.2746255366408,1
865.4288289060585,0
1166.6544057765127,1
831.9636137019047,0
1353.610301927944,1
795.8569730548325,0
1430.913331688742,1
874.1141632308015,0
1264.2710422559423,1
1143.666277326885,1
1023.428923940536,0
1006.9771557817683,0
1163.6497637048008,1
1255.279943606747,1
914.5192322954733,0
1093.935685480588,0
1122.8425605593948,1
1180.5889914703262,1
1010.0911199008174,0
963.7127575834094,0
1103.909809825897,1
989.6122841498219,0
1094.586399511128,1
990.2178883697637,0
1063.3681614615468,0
1092.3268512044199,1
1723.3894785071702,1
1511.6315951373108,1
1206.519383264331,1
1179.216436644695,1
1089.9741821781508,1
1005.5873621829006,0
1262.5561201388664,1
1210.244535146559,1
1511.7544039094785,1
1129.4613769267457,1
1006.6091535099588,0
1287.218691607459,1
1370.9777528028822,1
1516.5835418161591,1
1060.502438139631,0
958.6771146876874,0
1172.2669682490884,1
889.1927797043363,0
1108.2932888057492,1
1176.054037126572,1
1338.068360068117,1
1048.6507740667157,0
1059.0982139931016,0
1043.3916960154047,0
1104.3269896898364,1
889.7882503324076,0
1346.1511082701659,1
979.8587621116192,0
1151.6683429590503,1
1150.4464795506483,1
1298.762849822813,1
1339.3841697570738,1
1424.4145524142757,1
1186.2491304142736,1
1118.6662770602852,1
1277.1442714049447,1
1290.1946197550442,1
1415.282503346395,1
998.3639251489955,0
1187.0500229238987,1
1085.9688812041727,1
1126.7629776661668,1
1398.5255285991532,1
1475.977468786212,1
1374.7527170416781,1
1166.9915377324153,1
1066.0918081925752,0
1009.8197905337781,0
1259.5943271551853,1
1143.0221707584021,1
1095.6484201442581,1
1052.773433215791,0
1667.125636531076,1
1581.430729806063,1
1464.7192110102314,1
1080.4795616439196,1
730.4622009953082,0
1334.7662232911077,1
1058.8919048833175,0
900.293900772831,0
1437.3238445155666,1
988.6606441124366,0
1189.4635868224466,1
1195.6037435696758,1
1185.5421691803926,1
1307.7666122851042,1
943.0704003072551,0
1134.8194918520085,1
1154.828247996839,1
1066.610105456998,0
1241.587420592537,1
849.7924731102875,0
1143.0555120005447,1
1386.189264184181,1
1041.3238698085656,0
1311.3177852413023,1
1076.7369051210178,1
1225.039857078556,1
941.1553105328098,0
1027.1865512841941,0
943.2292693312313,0
1217.3526865196366,1
1275.7664867113183,1
1080.6018389320498,0
-226.08962502331607,0
1216.6417445549118,1
1236.7459610542883,1
1061.5592045690437,0
1074.1203675706702,1
1116.8440315025648,1
1004.2530869537502,0
1015.98100558899,0
1534.1135107917587,1
1247.6616067612813,1
1079.8435070951764,1
930.3803655119859,0
1131.8192662420129,1
1021.5702996971349,0
1226.5531415663872,1
977.9001495661676,0
897.7433833313157,0
1382.3662559243867,1
1452.0232322598376,1
1395.3381698035985,1
1130.968882535686,1
863.0298554448489,0
1303.6199249360102,1
958.8589664422891,0
992.1815153757384,0
1194.7688640175174,1
1447.2910981533178,1
1124.7390892970056,1
1256.9522413243371,1
1057.6276618456848,0
1209.8657859482257,1
749.1111380139914,0
1181.1684527907291,1
986.1800773309837,0
1116.8090049123894,1
1298.7561696244827,1
1227.5098543439963,1
1366.4328315441383,1
1053.6697760146435,0
818.2191559302328,0
1113.2864252642564,1
1472.0619541819638,1
1258.4567432646488,1
985.1262221558338,0
1036.9187237505032,0
1275.6393628866037,1
1037.4913000119511,0
1301.8676699212765,1
1247.8444664804942,1
997.0794600478498,0
997.5550169382707,0
1207.1197631411328,1
1535.98084135572,1
1050.7317728702483,0
1222.2476766826696,1
1062.2287509532098,0
1102.351239753205,1
879.1386986585245,0
1102.2354361765783,1
1119.4421087614974,1
885.7094359971461,0
1235.9682065482966,1
1085.5604337705424,0
1134.4521197255863,1
1029.9242789034142,0
1143.766372463974,1
1110.116804296029,1
1262.7155008979885,1
1158.2661811004755,1
1159.0176702037886,1
892.1292290199854,0
1247.9509722825317,1
1075.2332771944662,0
1310.4754709670644,1
1062.909265999398,0
1232.3166168332682,1
988.1650497461869,0
1240.971290583943,1
1338.0201498335025,1
1032.6855343108327,0
1133.839520547262,1
890.1632312085532,0
1200.1444910889697,1
1072.595545701456,0
1350.2580818880315,1
927.1573317088914,0
1113.4019761959407,1
887.1322697783366,0
1024.8558958784804,0
1089.0637637846567,1
991.5349681685198,0
1067.551738452913,0
1193.344355856067,1
1260.7570337954585,1
1450.5799143492948,1
1136.3370152447649,1
1554.646867903839,1
1095.3032197075752,1
1339.959171858462,1
992.7311451996334,0
1550.2472255785601,1
1155.4253568539025,1
1005.9443038289498,0
1390.3392243232197,1
1016.0534123380103,0
1113.0856365611262,1
1296.8456374728348,1
931.9747071979145,0
1420.5823182214463,1
1376.283742015627,1
1012.9349202995511,0
1431.1199024917141,1
1451.7462375486507,1
1452.4233806950097,1
1168.5008143491393,1
987.8040475982865,0
1255.720689172327,1
1271.7679951111465,1
1063.9147020076052,0
-202.13087263507737,0
1075.7949237162675,1
871.6218556020558,0
968.5974882324278,0
994.8834803938744,0
972.5859038925465,0
1388.763986960946,1
1026.2474055055043,0
1005.6411926966853,0
969.6192514890929,0
1073.500285142019,0
1306.9214796843057,1
1169.7250686745683,1
979.299050454203,0
1250.5139077154836,1
1103.7242477738444,1
1197.715333252671,1
1327.0983177119251,1
1034.9381830144102,0
1170.3153738528758,1
1353.9842485615673,1
952.7311697730804,0
1067.4399719772582,0
935.911817234239,0
1127.7858555030762,1
1031.381908296924,0
1161.2664540779595,1
1191.3376494638474,1
1408.6447779160899,1
1122.9739687122274,1
1019.9780659973924,0
991.5602959637378,0
1201.525489335717,1
935.1524168855126,0
1377.1672857838087,1
1217.0731707203702,1
1116.8865034069918,1
1012.2566284239272,0
1479.6472246024432,1
1443.9684752990402,1
1028.5476325606874,0
874.4854477137485,0
1029.8792351939926,0
821.5577459480403,0
1268.5665025806743,1
1110.2136921216816,1
1239.6917555677528,1
1148.58952344444,1
1199.1948123893576,1
1184.3909942104162,1
1590.033666022338,1
998.2922620063184,0
-211.046963632546,0
1176.3734341544807,1
942.6254364235915,0
1110.2649394407715,1
935.5881549494434,0
1453.475789483294,1
1083.9332041396965,1
875.0008337415475,0
1532.9980364658338,1
1156.2165711714247,1
1314.686422321349,1
1468.1462504964027,1
1079.364639582106,0
1041.1114684384256,0
1082.4598568788733,1
1045.3939518040693,0
969.4266520742577,0
1092.9053508004731,1
1712.5141492669522,1
1221.9411359199871,1
958.9933364008369,0
1360.7329968232693,1
1036.9257891009588,0
894.6866723364569,0
1140.7232946424833,1
1381.9347518918678,1
946.7966220008616,0
1457.331789003506,1
1119.5777900754006,1
953.5526162889432,0
986.2620251223677,0
892.0890615882022,0
956.1729277382847,0
1035.7708053772299,0
-216.87699422147617,0
1170.866777334024,1
740.5590514215744,0
925.869233943632,0
1494.3466024697545,1
1136.8941628128823,1
1558.0762849178295,1
-218.33803333412092,0
1586.5699334679155,1
1404.7887129988258,1
871.3186225342819,0
1160.1973023135677,1
1264.369014106579,1
1046.0725683387113,0
1420.8764051783396,1
1283.0200943539305,1
1331.283963265781,1
1281.4732315987524,1
1224.746448598586,1
1124.829426219054,1
1130.4787554720829,1
-190.69537864805523,0
982.8782621762241,0
872.8920429439684,0
1096.82887499087,0
1053.4272137681867,0
876.2302602646813,0
1233.0837203280762,1
1595.1324122027358,1
1268.299211453691,1
-215.47389910636593,0
915.8235466086343,0
1072.1598656948454,0
842.4303150072021,0
1628.9764281946336,1
1154.6222791360963,1
845.4443496004997,0
1047.4161664047513,0
1200.845135936162,1
-60.60989198797263,0
1297.4659069039803,1
1323.9097450596205,1
828.1798109311167,0
1134.4640519119607,1
1119.2933911832458,1
984.9797920391336,0
1290.938471630157,1
1163.2914678749548,1
1055.1966240506558,0
1398.8956081205972,1
1734.6516491905395,1
1168.032101951564,1
1044.870941011364,0
1211.1600935879878,1
1387.5243626247225,1
1265.7702305635762,1
1430.4406121477114,1
1658.9460393722104,1
1468.6404176306328,1
1115.8287432695613,1
1553.4273753952284,1
924.4270592260634,0
893.7886620552187,0
1020.8145974642575,0
1000.8747085791572,0
1482.644554836083,1
1040.242443577292,0
1722.5441399220213,1
960.2989809801525,0
1295.3128908581878,1
1139.6647526387967,1
1396.9425823985116,1
1115.7027082451455,1
1136.4444557133775,1
1579.6680565782572,1
1125.9918368775168,1
-205.42852923139841,0
1090.7610448986534,1
1042.8072466743256,0
1124.5892160942813,1
1090.5955051103633,0
1221.8316687100723,1
1267.1035682675126,1
1006.658278585729,0
1328.5511559215622,1
1570.5527937915203,1
1034.5643090027932,0
1663.8105633304708,1
1129.488205624605,1
1434.3919290904678,1
1300.0450232504666,1
1106.762357586427,1
1373.2265761668618,1
1137.1631337825709,1
1148.1177006254272,1
1050.116029577785,0
1109.3222551701958,1
1129.610960442592,1
1422.044980177099,1
996.4171872310251,0
847.9071920250638,0
1095.1438265655888,1
1237.647680022392,1
1152.5200060148636,1
1107.3556930106079,1
954.6058812410424,0
1075.4343686019936,0
961.4111353184825,0
956.3797488202813,0
974.8868197727601,0
1104.6564062743175,1
1438.5741156373547,1
1266.8821840347218,1
1444.357848803776,1
1387.3085330587924,1
1149.112940811548,1
1544.9774006963826,1
1372.0406644546447,1
1462.736072293197,1
1348.1180913803296,1
1299.3688605890152,1
1070.9070450549984,0
1560.097917619217,1
1090.963915794562,1
1173.3626469693363,1
970.4875983056507,0
1252.4556101934363,1
1398.9920398993677,1
1282.246797751552,1
836.0531675459083,0
1001.9375397761629,0
1199.9001341256417,1
1124.616944404092,1
1379.9916390972455,1
972.8144972216278,0
1296.2630679900644,1
1021.4964088473224,0
770.9530124955618,0
1045.1557572938054,0
1255.5015075785013,1
1124.516050846431,1
1069.147217983858,1
967.6820782157365,0
1130.5592547717013,1
1189.9355875049641,1
-181.4884644494485,0
-184.41376111408934,0
1432.9734773345904,1
1017.8290623303646,0
1089.7137345267574,1
1211.0903318128924,1
1533.1418342836462,1
945.5945185147501,0
1113.4180694053803,1
1183.7449005552762,1
1346.2051682323317,1
1234.4650008238796,1
1150.9221875865678,1
1369.3537289201558,1
1263.131463625716,1
969.9783008710374,0
947.2714575226703,0
1129.1260916618662,1
1092.6898900477024,1
1296.8991893702898,1
1298.0830303784473,1
1037.1067844662882,0
1195.3727478433564,1
1090.5078293551303,1
1106.3108957266195,1
1148.6332605960292,1
1469.6658323578542,1
952.1437405059019,0
1150.8639038820036,1
1540.9041239045976,1
1565.394601737015,1
932.8001627075353,0
1415.3673894930653,1
945.6208325696134,0
895.7872986366034,0
974.3390417211201,0
1157.2647875515256,1
998.7619297517742,0
1123.5150116371046,1
1364.0126366378915,1
-198.0381955602852,0
1288.6028698277541,1
1398.3998238227184,1
1244.1584881273493,1
942.1023510105931,0
781.8048994822441,0
1232.5724941372982,1
1064.3514849470585,0
1441.9738423156205,1
1049.6768199155963,0
1310.8862810070132,1
966.8883433901419,0
1082.9409359867823,1
930.2566658104989,0
891.5747259782736,0
1064.2213555072478,1
1136.6315472563078,1
1321.570944076934,1
1110.715551156638,1
1145.8145283055262,1
861.1127724940105,0
1000.4710394561325,0
766.3279361071125,0
1719.8365674705653,1
937.6128713361186,0
1170.1169693037396,1
1281.7903781096763,1
1293.4440149443517,1
921.7522151057244,0
809.502420922644,0
1411.7818029698208,1
1050.8587923261498,0
958.1890882972634,0
896.4024129623069,0
934.0106885881366,0
1044.7775619639601,0
1085.218772842192,0
1054.2403938074906,0
1317.0331402953389,1
906.1142495935467,0
1340.7891081591956,1
920.6138776409821,0
1061.3303774511853,0
1138.7025910904772,1
1066.3367958044068,1
1146.6203179444499,1
1348.9890829016551,1
1335.9556954008108,1
850.8076312470973,0
1109.9460707654532,1
1080.9251255215231,0
906.7812541814619,0
1463.211207436755,1
1116.369190780659,1
1116.178370153741,1
1143.2385039700098,1
1031.2324911421254,0
963.6408816439099,0
1094.9750301348706,1
956.0928896329165,0
862.2311043736124,0
1642.0141338482026,1
1193.1311386576208,1
1077.5785681872135,1
-197.07553987608995,0
1120.176028972139,1
1212.8101461655797,1
-226.08962502331607,0
1204.76801523637,1
900.3314887112733,0
1136.774488091026,1
1113.4385426889398,1
1287.459843952032,1
1358.765422354484,1
1044.130396506521,0
1226.5288695882227,1
1202.4029786995673,1
1188.9449899252636,1
978.1720488482567,0
1017.2879152686435,0
923.2884450999181,0
1616.6864222320073,1
931.7197091117578,0
963.2983540694684,0
793.3259931928919,0
1223.4494370670643,1
1090.381023030755,1
1063.4600013226952,0
1270.0099151923414,1
1141.6240445207677,1
1245.8293169872964,1
1152.2231426836233,1
955.7418778458176,0
1195.961957302257,1
1471.3275453579738,1
964.7242528037135,0
1233.47397647348,1
1075.3912943432192,0
916.8121402937136,0
1128.5265772681062,1
1414.5331873524356,1
832.4804032041933,0
1177.082675358163,1
1215.8814780883433,1
952.9145244116262,0
1423.7475782317306,1
1439.5319619990316,1
1541.3647897542705,1
1442.746459858643,1
1050.0834331644437,0
1107.4330847944689,1
1190.1234489175708,1
1059.2760975565461,0
1385.4073792828426,1
920.1811813300379,0
804.9629743434892,0
1159.4837169600648,1
1658.62971126839,1
859.9977965169978,0
1116.745637677496,1
-226.08962502331607,0
876.4867968887374,0
978.9973902167704,0
1054.0679996792614,0
1062.3161445535793,0
1379.8211460910384,1
991.0999784630416,0
965.3754343651294,0
892.7749037741592,0
1214.366315794454,1
-206.3084477259358,0
980.1625150412135,0
1024.3706769662406,0
1048.3885121722637,0
1051.3955049571211,0
832.1656064776259,0
976.9459878584435,0
1494.6448328056981,1
937.5441568746505,0
1405.0954142575706,1
1004.0178093721878,0
1314.5178080947721,1
1136.9288678248681,1
869.7635800526314,0
1185.9976054479132,1
1184.7693369508265,1
1114.628304710269,1
1009.9669704576553,0
-226.08962502331607,0
1152.556641884153,1
1678.6370190755167,1
1841.7230714048844,1
1027.157388040925,0
1084.252723500625,0
-216.14433663900667,0
1496.2785102318348,1
1019.8958867511873,0
1102.4450692041642,1
1222.2073473896173,1
1117.3601348931797,1
1075.8558318278865,0
912.6960767426358,0
1122.0055035040205,1
961.9161911233716,0
1611.074911792014,1
1172.2617664856637,1
1255.3763011158467,1
1091.4024499308669,1
998.9869946908873,0
924.3374407273926,0
1342.816952318266,1
1397.187294652209,1
1092.649083002416,1
1248.1674959466332,1
923.1001342294169,0
1082.6470093995003,1
1083.503078209278,1
1293.8925680434338,1
1122.7328375716809,1
979.2896931531254,0
1020.5449174381041,0
1046.7408888738933,0
1218.37215537997,1
1021.131087446144,0
997.0971789402529,0
1319.0398903356527,1
1115.5258242098353,1
1095.8584520036454,1
967.8233032761632,0
1409.8114684697493,1
915.0016036631771,0
974.7370485213708,0
892.5936790473968,0
900.4838797067548,0
1229.3125233956537,1
1065.677766920885,0
1229.1787926788897,1
946.2574766387032,0
1471.531199819216,1
1088.730192273089,1
1096.246266943943,1
941.4740842714048,0
1214.8738767433283,1
1219.7178995900133,1
892.2223938300294,0
927.7989046863537,0
1024.3306954556792,0
1157.958899888968,1
1306.6422212967427,1
979.0475520983498,0
989.086134895042,0
1156.3023993372742,1
1239.5440834884503,1
1215.5366757317386,1
1619.6822209083,1
1166.0070226664486,1
1112.7537967590472,1
929.1298220402052,0
-106.97500742773182,0
965.2215214877594,0
1689.994464562475,1
1222.6871204971483,1
-215.56557133860832,0
903.23872102604,0
939.0231476027732,0
1700.5831978986735,1
1773.6232307690611,1
1596.0644286590334,1
1803.802737579915,1
-211.07237985448847,0
1463.947634787809,1
1231.2093084894439,1
1112.6230152633095,1
968.8246572782984,0
940.4593703146423,0
1226.010240918366,1
1274.0901867138962,1
1139.5810423730154,1
1105.8429410485062,1
1383.663682162999,1
1030.10628706037,0
1086.0435819824088,0
1072.440067735198,0
894.3577920821438,0
1172.819329326494,1
1036.8528310630377,0
1256.9286509779397,1
1193.7385132944803,1
1181.2930543998973,1
1156.4441459863694,1
1049.8437318017627,0
1240.1407844219732,1
1059.8539842506734,0
1212.9527975127082,1
1460.1123683531068,1
943.0993566769504,0
1601.1834567605601,1
911.0219951832,0
994.0963494998612,0
1145.4506108748906,1
-155.8923154625925,0
1531.8749926959517,1
1370.6147457788866,1
1137.7192172463729,1
1132.508004972145,1
1508.8126840580157,1
1173.6513018537967,1
1504.579918912259,1
976.6848531107856,0
1175.990987482978,1
920.0794422290769,0
1458.2964026791528,1
995.7833096645415,0
1493.8064853910478,1
1020.7212066766313,0
1154.32746593568,1
1400.6983078180506,1
-201.93316221712058,0
993.3795625149005,0
1513.5530944595048,1
1068.3602072772926,0
923.2021680434965,0
1484.6161873024753,1
1156.494379388257,1
1599.3061236086755,1
-215.97761620005267,0
1214.321500965981,1
1355.282614333441,1
1180.8900295914234,1
1039.3976366817024,0
1053.338526568717,0
982.9090991981707,0
1261.268261191325,1
1482.980109669088,1
919.2143796020949,0
1228.4818824682568,1
991.26897502212,0
1053.9610008504114,0
822.9441249170716,0
1361.9685842822123,1
1325.8149286846465,1
1075.821117276453,0
1211.0206949041758,1
1680.7784758774515,1
1090.1310360172993,1
-226.08962502331607,0
1165.6085600883785,1
897.1426074341382,0
1250.6540529860479,1
1059.1274892116107,0
911.4165554985855,0
1320.7603381308932,1
1220.428764627149,1
1049.4547710700253,0
1274.5617536894445,1
1043.9214623520804,0
1567.0149903154343,1
1246.5365628963932,1
1013.5890259917398,0
1731.8269176374604,1
1147.7124337272567,1
1463.463509219552,1
1312.7943035466078,1
1084.6327693769344,0
1488.968630244261,1
1111.5389820660157,1
1147.2260979182965,1
1139.3678512429633,1
-208.73512087030394,0
1263.9946619758357,1
1479.657199802477,1
1120.9297976495072,1
1683.7137894323837,1
1132.4160229967717,1
1279.17459276976,1
-214.91603388379264,0
928.4610397826697,0
1506.0948923718274,1
1529.0784573859885,1
1036.4965725837562,0
1472.7223720387433,1
772.6776579381637,0
1029.0152775836607,0
1123.3759796074107,1
1132.1198554040975,1
1135.1801691995604,1
1328.8992475982259,1
1517.665758722038,1
1448.9775334128535,1
1140.134241975179,1
1051.2014051447256,0
1000.7559000893709,0
1157.7026103401251,1
1037.81678671585,0
1152.058464353833,1
1119.9773977389814,1
1145.3494150576055,1
1296.098992503782,1
952.9114062208488,0
1195.8959488960063,1
-215.92145009093056,0
-226.08962502331607,0
1078.8142179287572,0
873.9275682707339,0
1146.6512724860113,1
-226.08962502331607,0
1068.9492002876361,0
1029.1111420665093,0
1103.6462311602295,1
1110.6027580214293,1
1003.8848562215899,0
1162.1167014694242,1
1725.7714902570413,1
1014.4991747574275,0
1181.774274882978,1
1062.9713548272298,1
1039.9515252291844,0
1097.3226844474152,1
1108.0950782401137,1
1093.6694223645836,1
1120.5428967908251,1
1285.328267692239,1
1479.3395018536798,1
1209.285456081085,1
996.9137694420895,0
990.6733657373899,0
1007.8570046725779,0
937.1913379522694,0
1068.1197599205373,0
1433.8816783723473,1
-213.4282808444393,0
983.607030926512,0
914.9802244234463,0
1180.5520216796378,1
1170.6131533037299,1
1323.2934382758451,1
866.8819620199844,0
1337.3242236919102,1
1124.3721171988745,1
1166.382667032289,1
971.9245895864183,0
864.3007709159754,0
831.8351440307713,0
1205.1106648703933,1
1287.3543382975076,1
1035.7376195802608,0
1096.4163186316682,1
1051.8727995827219,0
1174.8895198516745,1
1249.4350907178878,1
1341.495099144351,1
1119.7203539993982,1
-212.24961007399443,0
1186.5921973002055,1
945.8578240955902,0
1000.3229361025569,0
1395.2541199376574,1
1673.2534122575107,1
1682.3546556017495,1
1070.7225964642396,1
834.3019586041657,0
1515.9351419222198,1
1387.410453959381,1
1112.2446561624445,1
1242.6121483532731,1
932.9736220304857,0
959.4186268907438,0
1053.1491999022921,0
1374.5139679419494,1
1130.9036463287257,1
1064.68182763371,1
1438.3998078245359,1
-216.31912899890287,0
1280.1432607889067,1
1039.6709697257857,0
936.9701987261112,0
1311.675369573266,1
1163.4246837019011,1
1510.1878968000674,1
1013.295297983183,0
1145.8091879237063,1
1094.188354285015,0
1113.9968030958248,1
875.264867636994,0
-217.62401775741773,0
-226.08962502331607,0
1149.3197150811948,1
960.6188964803077,0
915.1339600758881,0
1032.5288627501625,0
1147.2650690789997,1
1189.728778500043,1
927.2903886264628,0
1261.9137609867498,1
1244.3430257026178,1
1496.5431144008203,1
1456.1255664820433,1
945.2698093511656,0
1171.1982048893476,1
1011.4075489530642,0
1228.0285428233897,1
1173.0469954665543,1
912.5821614930911,0
1093.4902121352015,1
1090.660028864993,1
-127.25815230397303,0
1209.8961587712145,1
1345.221501314807,1
1296.434021800841,1
1381.4342954167757,1
1455.136852678665,1
1589.6050124223534,1
931.9345729108219,0
985.5141044501155,0
1253.7409627295183,1
1012.2297697777328,0
1036.3232365297886,0
1151.346743443134,1
902.8020222480243,0
1605.7154166398145,1
1324.8093432113255,1
1265.7783618808703,1
1132.428457058734,1
1143.638835165701,1
1223.787207805049,1
1031.1278224398966,0
1021.2185736488134,0
920.3766106542241,0
940.5659536466654,0
982.3853959772559,0
1193.8449772240883,1
1110.2737618877363,1
1365.4940076450987,1
1046.5106602923897,0
1086.3306410459716,1
1124.8448762688997,1
984.4248556740155,0
987.0788112600388,0
1375.1081153297546,1
-183.41036288718698,0
1056.3854282528655,0
1357.7797685127734,1
1212.515629364468,1
1213.4992845044517,1
1265.7958895926859,1
1301.94238142854,1
1344.7471335456362,1
760.9064018769363,0
1033.964353159764,0
1173.6788256828117,1
1151.0545764928056,1
1498.0692401690144,1
-213.62978713104408,0
1450.59789370389,1
1182.2054373537856,1
1088.1118220921353,0
1256.6073760368454,1
1393.9718380097827,1
1015.7066573725181,0
1331.7258589235103,1
1367.046960175947,1
-194.1630713683319,0
1044.417642396551,0
1643.824654290661,1
-137.751052374188,0
1069.5922489816326,0
800.0948001263305,0
1189.7221697867121,1
1224.398721817724,1
1154.6978094856163,1
891.20426631231,0
1139.6495106290176,1
1199.3090346475703,1
1016.7001849745895,0
1130.0606347677422,1
1106.0175256574712,1
-174.03519045303702,0
1139.1984393767457,1
895.899403923108,0
884.5055371435417,0
1227.7947123468186,1
1169.772628682294,1
1619.3561371580572,1
1121.2633078102654,1
1164.5288679539744,1
1369.210746642304,1
1173.660533706558,1
1187.1377599749103,1
1043.4543512759485,0
831.0123898976581,0
811.1610984483143,0
1546.3797566646538,1
1863.7787141933811,1
1556.598565591314,1
1102.0259316365916,1
1460.0559647377145,1
1260.585014570947,1
1160.0513547045107,1
1160.7013663135076,1
1372.2464475965448,1
1355.5083981203295,1
835.3124552179304,0
1286.1843587635826,1
1437.1774794945832,1
1312.505797329153,1
1043.2489768030132,0
1064.0866021454083,0
1368.0395528763195,1
974.8733898687871,0
1281.556654059755,1
1630.0709864875944,1
1163.5410803404257,1
1210.6677121150033,1
1338.6873451077488,1
1041.8248431701222,0
1112.8519145873508,1
859.9852258467284,0
1126.0175857908055,1
1282.9277702528793,1
1334.2031402900363,1
910.5470836247599,0
909.5028649199305,0
977.148388083488,0
913.6723261188545,0
1472.3988972375482,1
1133.1066805496066,1
-207.123985344236,0
1100.1040350140663,0
1102.5332772602328,1
1204.1341483402239,1
1166.5722222397164,1
1104.2199340273264,1
1129.0503865257178,1
1339.732709833651,1
1047.641106067284,0
1140.6293911410946,1
1066.6722298530494,0
1349.3006294260836,1
1243.5170423334207,1
994.2101753309371,0
1097.9508700981055,1
1556.4652196727468,1
1334.9862500501695,1
1157.058574556363,1
1079.5290647507081,1
1037.180053478364,0
1093.6497375166778,1
1104.907832981459,1
1024.7948159034306,0
1328.4589051987903,1
884.8744644361541,0
1510.3149333561805,1
1089.9482977148577,0
1488.3826783830066,1
1455.1724758450073,1
1496.84446338115,1
-218.48587167548544,0
-217.52830956470424,0
1283.3699113096477,1
940.1141025233068,0
940.0382116718173,0
919.2063678980924,0
1249.3699126625474,1
1070.3122983320725,0
1430.690876936378,1
1042.3998271859211,0
1289.5558119291768,1
1425.6515443216006,1
1603.3067228989776,1
1334.0317444098803,1
-189.4794238660777,0
1141.9728519635494,1
-226.08962502331607,0
1053.2715414138654,0
1064.2284716704223,0
1147.3726451238495,1
1296.6465977745365,1
1233.5715300695438,1
1082.8971148559613,1
1099.6126483526457,1
993.1674112823096,0
1123.410983456617,1
1242.2539711912955,1
989.9151359079062,0
1699.0009082239735,1
1397.1790978840982,1
1351.4338829271373,1
1059.8251243837672,0
1806.5261262453364,1
949.2841999908089,0
903.1714665133569,0
1414.3017075952196,1
752.5128906922257,0
1224.7047678584802,1
891.4466027766379,0
1134.0383522811942,1
978.3319294226304,0
1177.0969278392372,1
905.5480507219131,0
1103.5450174109726,1
1285.6217821757018,1
835.08816088953,0
1545.041836114982,1
1205.0039581285007,1
1141.9551981866289,1
962.693540957843,0
1320.0954468581683,1
1226.4009151560158,1
1490.2306102764032,1
1451.0551690347575,1
1235.0816598802635,1
906.2263873679399,0
1016.988739351351,0
1397.7976621613338,1
1217.160871455706,1
1673.852290180781,1
1161.2428945844001,1
1281.3535114473716,1
1067.6842577512411,1
1191.6094701355457,1
1010.8275067543631,0
1222.380353204613,1
972.7926185656747,0
1040.7122133308826,0
1154.41281058956,1
1125.2951631716687,1
848.4602705220825,0
1501.328069879738,1
1448.5205449863986,1
1128.51075179128,1
860.6473246441033,0
1276.6177795698688,1
1211.664823379227,1
1188.292214237655,1
980.6063169237887,0
1651.4069882154527,1
1016.7881476243542,0
1077.4342346498238,0
1551.9031953231752,1
1095.4134985629519,1
904.4410817555656,0
1152.2401977543282,1
1595.5632818644854,1
-211.0840075522555,0
981.817436888349,0
1157.537868121965,1
1112.0430020643819,1
1175.755007260289,1
-218.32770334111999,0
1894.4014471803007,1
1285.4850158061313,1
1029.7796503150312,0
1502.2423142178066,1
926.1357600830505,0
1160.2867394755244,1
1403.7251639147732,1
1080.2102535727913,0
1014.9883260950318,0
-210.25232609207086,0
1096.2773554366474,1
1007.1932269296832,0
1253.06228244247,1
1028.5847029921542,0
1383.0890999653607,1
1006.971437327817,0
1038.0075556420506,0
1122.0786839707396,1
1235.3073248953829,1
-207.89700253141666,0
1050.8577355230482,0
942.0486852154643,0
1212.408133615973,1
950.4189750168196,0
1296.5850829809801,1
1095.4172443275572,1
1383.42744678226,1
1137.7510542525774,1
-204.89704059806016,0
1332.527545631809,1
1227.6678648329967,1
1185.8187907034235,1
1014.044630645449,0
1144.8690185714736,1
1287.6463073296222,1
1009.9557200322029,0
1381.2675601799203,1
1252.7681228988886,1
1238.2341435673588,1
1148.0711128795933,1
1166.5236304379298,1
1236.262400053327,1
1112.1947283704517,1
1513.4739732118771,1
1114.737162053948,1
1120.2535408839626,1
1186.7347247661319,1
1118.6426069520198,1
1661.2967856927103,1
-209.81212675297903,0
1254.1275964881843,1
1137.818795346316,1
1256.9744955339438,1
1160.4495830742771,1
965.4436810827933,0
1008.5375616380077,0
1321.3140052519489,1
1309.7062171639977,1
1116.2542654873962,1
1240.5738753529104,1
1118.543374102569,1
926.5907984770597,0
1283.784041160062,1
870.5213890668413,0
1035.8829984944234,0
1610.0519244151315,1
1172.0893621718299,1
999.340118100776,0
1136.1450019418455,1
1080.7092354946285,1
1008.8585860433807,0
1132.2041452161554,1
-201.58963143803481,0
1470.9112917313673,1
1326.7463985826023,1
-204.38726956366676,0
966.2952953209146,0
-217.22230288897433,0
1493.140511130264,1
1226.7725566039794,1
1389.8728446287066,1
939.3322338364353,0
1210.2143973852278,1
1082.9709874631674,1
1305.9475580918788,1
1063.4396586197408,0
1172.2920905306955,1
1097.65148033371,1
918.3958077202495,0
1318.4499631209399,1
1489.7685933016428,1
1062.7066118132009,1
1205.552778741471,1
1063.0029392231604,0
935.7584621537719,0
1156.9934074529785,1
1073.6785667300255,1
1144.7928058404555,1
1103.8812748374303,1
1196.992299168866,1
1291.2960846474698,1
919.8991625434411,0
1138.9984996210842,1
1522.7220179623225,1
1593.8118986242353,1
1008.254035568888,0
1450.5742477334416,1
1431.893232300209,1
769.3218139171074,0
949.8720782681924,0
1114.6224333988855,1
996.0460453069254,0
1190.0169889191602,1
1146.593011638867,1
1404.5582055105413,1
1133.6402215204907,1
860.286360345943,0
1035.1180580543987,0
1148.8772384413433,1
1027.4278553036288,0
1204.0061244112444,1
1092.3321357280954,1
-189.95392886917404,0
1120.7184384616965,1
1076.2319455622633,0
962.5335165418651,0
-210.32689411513616,0
1395.587258386984,1
1437.8874067111028,1
925.5463723409598,0
1336.8134501978807,1
995.5967713401111,0
1111.1226923017498,1
1307.1180910376945,1
1760.7054209252656,1
942.9991532857282,0
1069.6750213169391,1
1928.5326259840417,1
1382.1105218510797,1
1005.4188221367356,0
1199.4394519007535,1
884.8612969135992,0
883.5189844215098,0
963.8905201649013,0
924.4191201575211,0
924.1092020773256,0
1216.9022917361249,1
1454.7634259706583,1
1024.1708610671735,0
1019.6053979895133,0
1245.070928444582,1
1082.6705934103304,1
1387.1165624209675,1
1000.7345443652512,0
1411.4056143111907,1
1188.8211608634008,1
1274.5494150475681,1
1054.0725447380362,0
1453.410771802154,1
1159.5241042127034,1
1521.5036766991088,1
1131.9448722608918,1
855.9359099111051,0
1016.676186678252,0
1454.8890567765316,1
912.2493421336144,0
934.818372445344,0
1037.9326586589443,0
1221.4179233262062,1
1884.36264502411,1
1203.6314712855867,1
1456.4781009403018,1
984.2255488599085,0
1003.3068526493676,0
1168.0721977555581,1
1018.0316593380774,0
1214.3769432594918,1
1459.0827281355068,1
1220.3165546648459,1
770.6137259134848,0
1451.0499552286637,1
961.0856375303285,0
1356.1099137179885,1
1042.1083919190069,0
855.0497824839933,0
1125.0601144243765,1
1003.4642414955949,0
-226.08962502331607,0
1050.6749285374935,0
1214.8323362665783,1
1203.2592082369308,1
1085.441036585191,1
1174.2754278922612,1
1040.050010560888,0
875.1615374255729,0
1408.2590763809544,1
1151.762987929313,1
930.6702783312128,0
887.4705223519439,0
938.4409183160294,0
1113.1329657827107,1
1361.7237247374642,1
1295.1194765354212,1
1120.9138427681823,1
1071.2529521728734,1
1386.6329982689117,1
981.3139589973848,0
1080.8447315939839,1
1331.5574367594495,1
1413.5880095456391,1
1320.650662924847,1
1082.432429116651,0
1565.757578426802,1
1440.5565797342524,1
939.7270699096227,0
-216.9203321737155,0
-226.08962502331607,0
1534.6502010084557,1
1539.6395378089348,1
1696.9623830416422,1
1121.445948741698,1
954.3559451343469,0
1053.0402731630702,0
1478.6348514800438,1
878.9660084710282,0
-216.5981816561011,0
-219.31245956225604,0
801.434186216306,0
1274.7731693463588,1
1834.7094078340783,1
1092.835054514805,1
1288.6531719458321,1
1065.7063159217378,1
1607.1333783354373,1
899.3491114743242,0
1067.6271224524228,0
1067.785611413441,0
1145.117757383899,1
1018.696692618752,0
1267.2763170055725,1
1593.234760318966,1
957.4431098668033,0
1161.8347306537635,1
1096.1084131501366,1
994.9591031467147,0
1342.2644871690484,1
943.1151935109749,0
1095.763617172519,1
1189.9408931749044,1
914.8068552454419,0
842.9172316386353,0
1185.6988633702806,1
1097.9193467713217,1
940.2410700964203,0
969.6971361196634,0
943.705204687913,0
940.4765072255677,0
1235.924534758213,1
1432.543151172641,1
1476.1016300878337,1
1526.0543493482032,1
1110.9131443590136,1
993.7163842470685,0
1498.5587843388691,1
958.2477165748746,0
1234.8396928198767,1
1171.2850586628845,1
-216.05266440676428,0
1331.0695737523097,1
1021.8213442288582,0
963.1860158415068,0
1397.778761117424,1
1008.079270910936,0
1378.2295337196838,1
1217.7843442242051,1
1118.7970755470635,1
1100.5987994074462,1
1273.422823548592,1
1161.7828858994503,1
925.2137265834997,0
1292.3386829193912,1
1145.3664962662776,1
943.9045217223384,0
1241.2722703709273,1
1424.6132276659412,1
1141.7102463778917,1
1129.2139140013994,1
679.3704774519092,0
1294.7698775833292,1
1126.820402945507,1
1070.1970397892876,0
1577.4084298520459,1
1315.9649748790098,1
1335.863638014901,1
1259.9163987742086,1
1453.3963521746255,1
894.2651788342504,0
-216.5417754551558,0
-200.83631386956344,0
917.4889851900524,0
1291.5869593142447,1
1111.731457753806,1
1648.750117345218,1
1238.0852889997955,1
1163.8086830414363,1
1375.8871481626004,1
1076.12925018567,1
1242.387958196568,1
1281.7882942327433,1
892.7500461522397,0
1067.1284147299214,1
1250.1497491817174,1
995.5302298279346,0
1442.0468783816518,1
1206.76046264148,1
1488.383750674213,1
1082.251023168659,0
-226.08962502331607,0
1200.619140413702,1
1358.681770598993,1
991.9940010621218,0
1072.3394264598478,1
976.3133749473575,0
966.5529294926137,0
968.2227894672737,0
1463.5041760296226,1
1087.4035285221432,0
956.1093571493872,0
1244.8148288880925,1
1514.2223275952824,1
-170.1048605192542,0
1345.6239375061937,1
826.581732469045,0
-199.10679218454453,0
1080.4701190856103,0
1322.513359790437,1
1160.7981376062019,1
1216.1102458245575,1
964.6492598499799,0
854.799502131686,0
975.6621838219677,0
1170.7549360881262,1
1137.82234599183,1
1080.7676969754198,0
1533.0950512899958,1
1342.0920371374964,1
1169.6767854735049,1
1120.934161284496,1
1270.5505249169285,1
1096.9895496176098,1
906.3627448836241,0
1515.3188832072083,1
1106.257329727176,1
1139.216016231188,1
1098.2332216769132,1
1001.0922826878166,0
871.2925195232935,0
1414.1412747662202,1
1213.5718045088324,1
1279.7640505403515,1
1245.3601758997775,1
1341.5325828980544,1
1067.1459835394119,0
1022.5469211989371,0
1113.9976491579641,1
1417.5131603109076,1
1076.4399614275544,1
1065.9080423308997,0
1181.7044639190894,1
1400.0814894659852,1
842.4090572624809,0
1069.5746493631527,1
1116.5997023753753,1
918.6280051270019,0
1010.9583383985685,0
962.1795784955782,0
1228.6313939845177,1
999.4841227295699,0
1233.2867799173227,1
1165.2333289672536,1
942.8901835790883,0
946.3804900070198,0
905.4963766717426,0
1223.8978746769592,1
1155.9838997530026,1
1214.3753567535819,1
1273.0116427362366,1
1771.3377234300854,1
1116.8884884547515,1
1050.6057418519304,0
1033.34168132328,0
1184.455989339796,1
1014.1122570631571,0
1050.73848183785,0
1118.6637179566494,1
1096.8055809473879,1
-218.50677175331046,0
971.5436654014486,0
1197.017065716938,1
942.5705706324885,0
1073.5070047149752,1
934.1409545448003,0
1260.7440350031648,1
1152.1939219697224,1
1358.1568932401678,1
1336.6367184013352,1
1273.353696820836,1
1189.497543905421,1
943.0009636501559,0
872.8549646297151,0
1551.3715322397295,1
-187.3023511964942,0
-218.63371001684993,0
1134.3461335562836,1
1209.6297662973893,1
726.7815168015618,0
1316.6415430136494,1
1239.6151639621135,1
1039.6970288328857,0
1314.4289399040777,1
1697.5810401039234,1
1064.3474892120673,0
853.9233596831368,0
1048.542901217183,0
1060.35864256072,0
996.4405448469398,0
1139.3462124524908,1
986.1645572555711,0
1401.3620930674963,1
1136.7633203517948,1
1111.1779562929755,1
857.8150243002824,0
1195.4235695495672,1
1078.529912508383,0
917.48744881465,0
890.4825723343668,0
1027.476484837644,0
1194.2104539828706,1
1117.487159134693,1
859.3444838580554,0
1248.4915791685585,1
1318.2414292516578,1
1107.900137403415,1
1065.0110435636661,0
972.7785051820647,0
971.1946172780363,0
1345.467825436969,1
1127.6636433190097,1
1461.1875759323766,1
1022.8462219208324,0
983.6818797023503,0
968.5764873114588,0
-214.69112935548097,0
1158.3980823892189,1
1255.1933655319967,1
1094.5345963687687,1
961.3027019668598,0
1014.4562865937896,0
1208.455733715502,1
1156.5714627055622,1
1347.9759078152192,1
-226.08962502331607,0
1249.84314351842,1
1066.2893547170215,0
956.1603956904851,0
879.1200766736451,0
1203.5236537047385,1
1022.0288787522667,0
868.544802704089,0
1135.5809771757083,1
1162.482084184571,1
830.2305051045034,0
1014.0224065175732,0
983.6256596035269,0
1112.5130821036144,1
1004.0992835371649,0
1632.3719176160043,1
1564.4001802872108,1
1195.902837496027,1
1012.2605630075952,0
1312.9050271399542,1
1390.9377419800599,1
1184.560268550113,1
1199.2064441507962,1
-209.6267643082587,0
1184.4523042021694,1
952.0146149802182,0
1226.6571373545155,1
1008.6687138087262,0
1472.4577825505753,1
1173.8406032618595,1
1208.6705827402259,1
1200.6325920810325,1
975.8275081287777,0
1058.8148155746676,0
1588.4364250302333,1
1182.833935880441,1
1122.4532147591615,1
1462.736273083508,1
1324.6959893219755,1
1078.6248178102653,0
1156.695345502618,1
1191.8867443213428,1
990.5846639930576,0
1217.1111378708247,1
1119.4053531890745,1
935.2038810661053,0
1410.4821984152652,1
1108.544058684633,1
1568.1031488829133,1
1261.9015891908393,1
1490.1113461815792,1
821.9470949873528,0
1292.2715461858254,1
1122.3601402619427,1
1090.3432752143515,1
1149.9283756242392,1
961.5231230589543,0
1251.1088924887204,1
1066.5984548516763,0
905.6519992557087,0
1086.2765785680108,1
1160.2513437799357,1
